claim_id,laureate,blood_type,nobel_category,award_year,source_url,source_type,source_cluster_id,independence_score,independence_class,evidence_status,access_check_date,notes
NB-001,Karl Landsteiner,O,Medicine,1930,https://abofan.jimdofree.com/データ/ノーベル賞受賞者/,unsourced_compilation,abo_fan,0,unsupported_or_unknown_provenance,unverified,2026-08-23,"Compilation lead; experimental history does not identify which sample was his"
NB-002,Hideki Yukawa,O,Physics,1949,https://abobible.wixsite.com/abo-bible/nobel,unsourced_compilation,abo_bible,0,unsupported_or_unknown_provenance,unverified,2026-08-23,"Uncited compilation lead"
NB-003,Shinichiro Tomonaga,A,Physics,1965,https://abobible.wixsite.com/abo-bible/nobel,unsourced_compilation,abo_bible,0,unsupported_or_unknown_provenance,unverified,2026-08-23,"Uncited compilation lead"
NB-004,Leo Esaki,AB,Physics,1973,https://abobible.wixsite.com/abo-bible/nobel,unsourced_compilation,abo_bible,0,unsupported_or_unknown_provenance,unverified,2026-08-23,"Uncited compilation lead"
NB-005,Eisaku Sato,A,Peace,1974,https://abobible.wixsite.com/abo-bible/nobel,unsourced_compilation,abo_bible,0,unsupported_or_unknown_provenance,unverified,2026-08-23,"Uncited compilation lead"
NB-006,Kenichi Fukui,A,Chemistry,1981,https://abobible.wixsite.com/abo-bible/nobel,unsourced_compilation,abo_bible,0,unsupported_or_unknown_provenance,unverified,2026-08-23,"Uncited compilation lead"
NB-007,Susumu Tonegawa,AB,Medicine,1987,https://abobible.wixsite.com/abo-bible/nobel,unsourced_compilation,abo_bible,0,unsupported_or_unknown_provenance,unverified,2026-08-23,"Uncited compilation lead"
NB-008,Mikhail Gorbachev,O,Peace,1990,https://abofan.jimdofree.com/データ/ノーベル賞受賞者/,unsourced_compilation,abo_fan,0,unsupported_or_unknown_provenance,unverified,2026-08-23,"Repeated list claim; no primary source found"
NB-009,Kenzaburo Oe,A,Literature,1994,https://abobible.wixsite.com/abo-bible/nobel,unsourced_compilation,abo_bible,0,unsupported_or_unknown_provenance,unverified,2026-08-23,"Uncited compilation lead"
NB-010,Hideki Shirakawa,B,Chemistry,2000,https://abobible.wixsite.com/abo-bible/nobel,unsourced_compilation,abo_bible,0,unsupported_or_unknown_provenance,unverified,2026-08-23,"Uncited compilation lead"
NB-011,Kim Dae-jung,A,Peace,2000,https://view.asiae.co.kr/article/2012072311474739066,reputable_news_report,asiae_kim,1,single_identifiable_person_specific_source,reported_secondary_source,2026-08-23,"Explicit public report; not independent medical confirmation"
NB-012,Koichi Tanaka,B,Chemistry,2002,https://abobible.wixsite.com/abo-bible/nobel,unsourced_compilation,abo_bible,0,unsupported_or_unknown_provenance,unverified,2026-08-23,"Uncited compilation lead"
NB-013,Jimmy Carter,A,Peace,2002,https://ourbloodinstitute.org/blood-matters/blood-type-us-presidents/,blood_service_secondary_review,ourblood_carter,1,single_identifiable_person_specific_source,reported_secondary_source,2026-08-23,"Secondary review linked to press reporting"
NB-014,Daniel Kahneman,O,Economics,2002,https://abofan.jimdofree.com/データ/ノーベル賞受賞者/,unsourced_compilation,abo_fan,0,unsupported_or_unknown_provenance,unverified,2026-08-23,"Uncited compilation lead"
NB-015,Barack Obama,AB,Peace,2009,http://news.bbc.co.uk/2/hi/americas/7973274.stm,reputable_news_report,bbc_obama,1,single_identifiable_person_specific_source,reported_secondary_source,2026-08-23,"BBC report concerning emergency blood"
NB-016,Shinya Yamanaka,B,Medicine,2012,https://abobible.wixsite.com/abo-bible/nobel,unsourced_compilation,abo_bible,0,unsupported_or_unknown_provenance,unverified,2026-08-23,"Uncited compilation lead"
NB-017,Satoshi Omura,O,Medicine,2015,https://abobible.wixsite.com/abo-bible/nobel,unsourced_compilation,abo_bible,0,unsupported_or_unknown_provenance,unverified,2026-08-23,"Category corrected against Nobel record"
NB-018,Yoshinori Ohsumi,O,Medicine,2016,https://www.sandiegoyuyu.com/index.php/features-2/interviews/大隅良典2016,published_interview_profile,sandiego_ohsumi,1,single_identifiable_person_specific_source,reported_secondary_source,2026-08-23,"Named profile explicitly reports O; not medical confirmation"
NB-019,Bob Dylan,AB,Literature,2016,https://abofan.jimdofree.com/データ/ノーベル賞受賞者/,unsourced_compilation,abo_fan,0,unsupported_or_unknown_provenance,unverified,2026-08-23,"Uncited compilation lead"
