laureate,nobel_category,award_year,blood_type,source,source_type,evidence_status,access_check_date,research_notes
Karl Landsteiner,Medicine,1930,O,https://abofan.jimdofree.com/データ/ノーベル賞受賞者/,unsourced_compilation,unverified,2026-08-23,"Experimental history does not identify which sample was his"
Hideki Yukawa,Physics,1949,O,https://abobible.wixsite.com/abo-bible/nobel,unsourced_compilation,unverified,2026-08-23,"Uncited compilation lead"
Shinichiro Tomonaga,Physics,1965,A,https://abobible.wixsite.com/abo-bible/nobel,unsourced_compilation,unverified,2026-08-23,"Uncited compilation lead"
Leo Esaki,Physics,1973,AB,https://abobible.wixsite.com/abo-bible/nobel,unsourced_compilation,unverified,2026-08-23,"Uncited compilation lead"
Eisaku Sato,Peace,1974,A,https://abobible.wixsite.com/abo-bible/nobel,unsourced_compilation,unverified,2026-08-23,"Uncited compilation lead"
Kenichi Fukui,Chemistry,1981,A,https://abobible.wixsite.com/abo-bible/nobel,unsourced_compilation,unverified,2026-08-23,"Uncited compilation lead"
Susumu Tonegawa,Medicine,1987,AB,https://abobible.wixsite.com/abo-bible/nobel,unsourced_compilation,unverified,2026-08-23,"Uncited compilation lead"
Mikhail Gorbachev,Peace,1990,O,https://abofan.jimdofree.com/データ/ノーベル賞受賞者/,unsourced_compilation,unverified,2026-08-23,"Repeated list claim; no primary source found"
Kenzaburo Oe,Literature,1994,A,https://abobible.wixsite.com/abo-bible/nobel,unsourced_compilation,unverified,2026-08-23,"Uncited compilation lead"
Hideki Shirakawa,Chemistry,2000,B,https://abobible.wixsite.com/abo-bible/nobel,unsourced_compilation,unverified,2026-08-23,"Uncited compilation lead"
Kim Dae-jung,Peace,2000,A,https://view.asiae.co.kr/article/2012072311474739066,reputable_news_report,reported_secondary_source,2026-08-23,"Explicit public report; no released medical record"
Koichi Tanaka,Chemistry,2002,B,https://abobible.wixsite.com/abo-bible/nobel,unsourced_compilation,unverified,2026-08-23,"Uncited compilation lead"
Jimmy Carter,Peace,2002,A,https://ourbloodinstitute.org/blood-matters/blood-type-us-presidents/,blood_service_secondary_review,reported_secondary_source,2026-08-23,"Secondary review linked to press reporting"
Daniel Kahneman,Economics,2002,O,https://abofan.jimdofree.com/データ/ノーベル賞受賞者/,unsourced_compilation,unverified,2026-08-23,"Uncited compilation lead"
Barack Obama,Peace,2009,AB,http://news.bbc.co.uk/2/hi/americas/7973274.stm,reputable_news_report,reported_secondary_source,2026-08-23,"BBC report concerning emergency blood"
Shinya Yamanaka,Medicine,2012,B,https://abobible.wixsite.com/abo-bible/nobel,unsourced_compilation,unverified,2026-08-23,"Uncited compilation lead"
Satoshi Omura,Medicine,2015,O,https://abobible.wixsite.com/abo-bible/nobel,unsourced_compilation,unverified,2026-08-23,"Category corrected against Nobel record"
Yoshinori Ohsumi,Medicine,2016,O,https://www.sandiegoyuyu.com/index.php/features-2/interviews/大隅良典2016,published_interview_profile,reported_secondary_source,2026-08-23,"Named profile explicitly reports O; not medical confirmation"
Bob Dylan,Literature,2016,AB,https://abofan.jimdofree.com/データ/ノーベル賞受賞者/,unsourced_compilation,unverified,2026-08-23,"Uncited compilation lead"
